RitualObjectRef,RitualObjectSystemId,RitualObjectID,CaseRef,RitualObject_Type,Createdby,Createdate,Lastupdatedby,Lastupdatedon
"RO/JO/1","JO",1,"C/JO/2632","Yarn","jhm","05/17/01 12:03:06","jhm","11/13/02 15:51:53"
"RO/JO/2","JO",2,"C/JO/2632","Egg","jhm","05/17/01 12:03:28","jhm","11/13/02 15:50:17"
"RO/JO/3","JO",3,"C/JO/2632","Meal","jhm","05/17/01 12:03:35","jhm","11/13/02 15:50:19"
"RO/JO/316","JO",316,"C/EGD/2453","Water","jhm","10/24/01 09:24:42","jhm","10/24/01 09:24:43"
"RO/JO/317","JO",317,"C/EGD/142","Elfshot","jhm","11/06/01 11:52:29","jhm","02/28/02 14:52:17"
"RO/JO/318","JO",318,"C/EGD/45","Elfshot","jhm","11/06/01 11:52:54","LEM","06/14/02 16:54:58"
"RO/JO/319","JO",319,"C/EGD/39","Elfshot","jhm","11/06/01 11:53:18","jhm","11/06/02 11:43:35"
"RO/JO/320","JO",320,"C/EGD/46","Elfshot","jhm","11/06/01 11:54:20","LEM","10/11/02 10:05:25"
"RO/JO/323","JO",323,"C/EGD/63","Elfshot","jhm","11/06/01 11:55:23","LEM","11/07/02 11:25:20"
"RO/JO/326","JO",326,"C/EGD/385","Knife","jhm","11/21/01 09:48:32","jhm","11/21/01 09:48:40"
"RO/JO/327","JO",327,"C/EGD/2231","Wayburn leaf","jhm","11/23/01 11:12:50","jhm","11/23/01 11:14:43"
"RO/JO/328","JO",328,"C/EGD/2471","Axe","jhm","11/23/01 14:12:43","jhm","11/13/02 12:26:12"
"RO/JO/329","JO",329,"C/EGD/1309","Tree","jhm","11/23/01 15:39:25","jhm","11/23/01 15:43:12"
"RO/JO/331","JO",331,"C/EGD/29","Thread","jhm","11/26/01 15:07:12","jhm","11/13/02 12:39:14"
"RO/JO/338","JO",338,"C/EGD/1906","Bead","jhm","12/04/01 16:15:38","jhm","12/04/01 16:15:40"
"RO/JO/339","JO",339,"C/EGD/2269","Cloth","jhm","01/17/02 15:02:52","jhm","01/17/02 15:02:56"
"RO/JO/340","JO",340,"C/EGD/2260","Urine","jhm","01/23/02 11:33:22","jhm","01/23/02 11:33:23"
"RO/JO/342","JO",342,"C/EGD/2011","Fire","jhm","02/05/02 15:24:34","jhm","02/05/02 15:24:38"
"RO/JO/343","JO",343,"C/EGD/2011","Salt","jhm","02/05/02 15:24:38","jhm","02/05/02 15:24:43"
"RO/JO/348","JO",348,"C/EGD/2387","Fire","jhm","02/07/02 10:23:09","jhm","02/07/02 10:23:16"
"RO/JO/349","JO",349,"C/EGD/1856","Water","jhm","02/07/02 11:15:01","jhm","02/07/02 11:15:06"
"RO/JO/350","JO",350,"C/EGD/1855","Water","jhm","02/07/02 14:19:35","jhm","02/07/02 14:19:40"
"RO/JO/351","JO",351,"C/EGD/1848","Salt","jhm","02/14/02 09:20:32","jhm","02/14/02 09:20:33"
"RO/JO/353","JO",353,"C/EGD/1855","Foxtree Leaves","jhm","02/14/02 10:48:41","jhm","02/14/02 10:48:45"
"RO/JO/4","JO",4,"C/JO/2632","Shirt","jhm","05/17/01 12:03:43","jhm","11/13/02 15:50:54"
"RO/JO/417","JO",417,"C/EGD/1025","Salve","jhm","02/18/02 16:08:32","jhm","02/18/02 16:08:36"
"RO/JO/418","JO",418,"C/EGD/1025","Drink","jhm","02/18/02 16:08:51","jhm","02/18/02 16:08:54"
"RO/JO/419","JO",419,"C/EGD/1025","Herb","jhm","02/18/02 16:11:53","jhm","02/18/02 16:11:53"
"RO/JO/426","JO",426,"C/EGD/745","Milk","jhm","03/07/02 15:35:20","jhm","03/07/02 15:35:21"
"RO/JO/427","JO",427,"C/EGD/745","Money","jhm","03/07/02 15:35:23","jhm","03/07/02 15:35:24"
"RO/JO/428","JO",428,"C/EGD/745","Nail trimmings","jhm","03/07/02 15:35:26","jhm","03/07/02 15:35:27"
"RO/JO/429","JO",429,"C/EGD/745","Tree","jhm","03/07/02 15:35:28","jhm","03/07/02 15:35:29"
"RO/JO/431","JO",431,"C/EGD/745","Cloth","jhm","03/07/02 15:37:50","jhm","03/07/02 15:37:51"
"RO/JO/432","JO",432,"C/EGD/2153","Cloth","jhm","03/07/02 16:08:45","jhm","03/07/02 16:08:45"
"RO/JO/433","JO",433,"C/EGD/2153","Hair","jhm","03/07/02 16:08:53","jhm","11/13/02 13:41:21"
"RO/JO/434","JO",434,"C/EGD/2153","Nail trimmings","jhm","03/07/02 16:08:58","jhm","03/07/02 16:09:00"
"RO/JO/435","JO",435,"C/EGD/2153","Herb","jhm","03/07/02 16:17:39","jhm","03/07/02 16:17:40"
"RO/JO/436","JO",436,"C/EGD/2153","Paper","jhm","03/07/02 16:20:00","jhm","03/07/02 16:20:05"
"RO/JO/437","JO",437,"C/EGD/2362","Water","jhm","03/27/02 10:24:36","jhm","03/27/02 10:24:37"
"RO/JO/438","JO",438,"C/EGD/2362","Salt","jhm","03/27/02 10:24:37","jhm","03/27/02 10:24:38"
"RO/JO/439","JO",439,"C/EGD/2362","Cloth","jhm","03/27/02 10:27:28","jhm","03/27/02 10:27:38"
"RO/JO/440","JO",440,"C/EGD/785","Plant","jhm","04/17/02 10:15:26","jhm","04/17/02 10:15:28"
"RO/JO/441","JO",441,"C/EGD/785","Salve","jhm","04/17/02 10:15:30","jhm","04/17/02 10:15:36"
"RO/JO/442","JO",442,"C/EGD/785","Water","jhm","04/17/02 10:15:37","jhm","04/17/02 10:15:38"
"RO/JO/443","JO",443,"C/JO/3012","Bannock","jhm","04/17/02 11:42:46","jhm","04/17/02 11:42:47"
"RO/JO/444","JO",444,"C/JO/3012","Tobacco","jhm","04/17/02 11:42:48","jhm","04/17/02 11:42:52"
"RO/JO/445","JO",445,"C/EGD/2119","Cloth","jhm","05/02/02 12:37:55","jhm","05/02/02 12:37:56"
"RO/JO/446","JO",446,"C/EGD/2119","Thread","jhm","05/02/02 12:59:42","jhm","11/13/02 12:39:43"
"RO/JO/447","JO",447,"C/EGD/2119","Herb","jhm","05/02/02 12:59:45","jhm","05/02/02 12:59:49"
"RO/JO/448","JO",448,"C/EGD/2119","Fire","jhm","05/02/02 13:01:13","jhm","05/02/02 13:01:14"
"RO/JO/449","JO",449,"C/EGD/2119","Water","jhm","05/02/02 13:02:48","jhm","05/02/02 13:02:53"
"RO/JO/45","JO",45,"C/EGD/884","Salt","jhm","07/23/01 10:41:27","jhm","07/23/01 10:41:29"
"RO/JO/450","JO",450,"C/EGD/2150","Cloth","jhm","05/08/02 14:50:34","jhm","05/08/02 14:50:35"
"RO/JO/451","JO",451,"C/EGD/2150","Fire","jhm","05/08/02 14:50:55","jhm","05/08/02 14:50:57"
"RO/JO/452","JO",452,"C/EGD/2150","Crook","jhm","05/08/02 14:51:21","jhm","05/08/02 14:51:24"
"RO/JO/453","JO",453,"C/EGD/2150","Herb","jhm","05/08/02 14:51:35","jhm","05/08/02 14:51:36"
"RO/JO/454","JO",454,"C/EGD/2172","Water","jhm","05/09/02 11:28:21","jhm","05/09/02 11:28:22"
"RO/JO/455","JO",455,"C/EGD/2172","Bird (dead)","jhm","05/09/02 11:28:22","jhm","05/09/02 11:28:24"
"RO/JO/456","JO",456,"C/EGD/2172","Yarn","jhm","05/09/02 11:28:57","jhm","05/09/02 11:33:26"
"RO/JO/457","JO",457,"C/EGD/2172","Salt","jhm","05/09/02 11:29:02","jhm","05/09/02 11:29:03"
"RO/JO/458","JO",458,"C/EGD/2172","Blood (animal)","jhm","05/09/02 11:30:32","jhm","05/09/02 11:30:35"
"RO/JO/459","JO",459,"C/EGD/2172","Stones","jhm","05/09/02 11:32:51","jhm","05/09/02 11:32:53"
"RO/JO/46","JO",46,"C/EGD/884","Shirt","jhm","07/23/01 10:41:31","LEM","11/11/02 11:15:29"
"RO/JO/460","JO",460,"C/EGD/2172","Cat","jhm","05/09/02 11:34:29","jhm","05/09/02 11:34:34"
"RO/JO/461","JO",461,"C/EGD/2172","Dog","jhm","05/09/02 11:36:38","jhm","05/09/02 11:36:41"
"RO/JO/462","JO",462,"C/EGD/2172","Plough","jhm","05/09/02 11:46:24","jhm","05/09/02 11:46:29"
"RO/JO/463","JO",463,"C/EGD/2160","Pottage","jhm","05/09/02 16:55:53","LEM","09/19/02 10:01:12"
"RO/JO/464","JO",464,"C/EGD/2160","Stones","jhm","05/09/02 17:01:33","jhm","05/09/02 17:01:34"
"RO/JO/465","JO",465,"C/EGD/2174","Feathers","jhm","05/13/02 12:17:00","jhm","05/13/02 12:17:01"
"RO/JO/466","JO",466,"C/EGD/2174","Fire","jhm","05/13/02 12:18:48","jhm","05/13/02 12:18:49"
"RO/JO/467","JO",467,"C/EGD/2174","Cockerel","jhm","05/13/02 12:18:51","jhm","05/13/02 12:19:02"
"RO/JO/468","JO",468,"C/EGD/2174","Thread","jhm","05/13/02 12:20:13","jhm","11/13/02 12:40:20"
"RO/JO/469","JO",469,"C/EGD/2174","Wax/clay images","jhm","05/13/02 12:22:40","jhm","05/13/02 12:22:42"
"RO/JO/47","JO",47,"C/EGD/884","Water","jhm","07/23/01 10:41:50","jhm","07/23/01 10:41:51"
"RO/JO/470","JO",470,"C/EGD/2173","Shoes","jhm","05/14/02 11:04:27","jhm","05/14/02 11:04:33"
"RO/JO/471","JO",471,"C/EGD/2163","Pillows","jhm","05/14/02 15:23:39","jhm","05/14/02 15:23:43"
"RO/JO/472","JO",472,"C/EGD/2163","Belt","jhm","05/14/02 16:06:04","jhm","05/14/02 16:06:06"
"RO/JO/473","JO",473,"C/EGD/2163","Branch","jhm","05/14/02 16:07:07","jhm","05/14/02 16:07:13"
"RO/JO/474","JO",474,"C/EGD/2163","Thread","jhm","05/14/02 16:07:18","jhm","11/13/02 12:40:39"
"RO/JO/475","JO",475,"C/EGD/2163","Pot","jhm","05/14/02 16:11:35","jhm","05/14/02 16:11:37"
"RO/JO/477","JO",477,"C/JO/3035","Stones","jhm","06/03/02 11:52:35","jhm","06/03/02 11:52:37"
"RO/JO/478","JO",478,"C/JO/3035","Wax/clay images","jhm","06/03/02 11:52:41","jhm","06/03/02 11:52:46"
"RO/JO/479","JO",479,"C/JO/3035","Milk","jhm","06/03/02 11:52:50","jhm","06/03/02 11:52:51"
"RO/JO/48","JO",48,"C/JO/2843","Water","jhm","07/23/01 12:09:49","jhm","07/23/01 12:09:51"
"RO/JO/481","JO",481,"C/EGD/2161","Thread","jhm","06/03/02 12:24:40","jhm","11/13/02 12:40:56"
"RO/JO/482","JO",482,"C/EGD/2162","Thread","jhm","06/03/02 15:21:49","jhm","11/13/02 12:44:13"
"RO/JO/483","JO",483,"C/EGD/2162","Beetle","jhm","06/03/02 15:21:51","jhm","06/03/02 15:21:57"
"RO/JO/485","JO",485,"C/JO/3036","Meal","jhm","06/03/02 15:48:44","jhm","06/03/02 15:48:45"
"RO/JO/486","JO",486,"C/JO/3036","Knife","jhm","06/03/02 15:48:51","jhm","06/03/02 15:48:52"
"RO/JO/487","JO",487,"C/JO/3035","Earth","jhm","06/03/02 16:47:31","jhm","06/03/02 16:47:33"
"RO/JO/488","JO",488,"C/EGD/2154","Ribbon","jhm","06/03/02 17:11:16","jhm","06/03/02 17:11:23"
"RO/JO/489","JO",489,"C/EGD/2154","Turf","jhm","06/03/02 17:11:27","jhm","06/03/02 17:11:30"
"RO/JO/49","JO",49,"C/JO/2843","Shirt","jhm","07/23/01 12:09:52","LEM","11/01/02 14:34:31"
"RO/JO/490","JO",490,"C/EGD/2154","Water","jhm","06/03/02 17:11:31","jhm","06/03/02 17:11:32"
"RO/JO/491","JO",491,"C/EGD/2154","Knife","jhm","06/03/02 17:14:33","jhm","06/03/02 17:14:34"
"RO/JO/492","JO",492,"C/JO/3033","Water","jhm","06/10/02 18:05:47","jhm","06/10/02 18:05:48"
"RO/JO/493","JO",493,"C/JO/3033","Stones","jhm","06/10/02 18:05:49","jhm","06/10/02 18:06:08"
"RO/JO/494","JO",494,"C/EGD/2122","Tree","jhm","06/10/02 18:49:49","jhm","06/10/02 18:49:50"
"RO/JO/495","JO",495,"C/EGD/2123","Water","jhm","06/10/02 20:49:01","jhm","06/10/02 20:49:02"
"RO/JO/496","JO",496,"C/EGD/2123","Stones","jhm","06/10/02 20:49:02","jhm","06/10/02 20:49:04"
"RO/JO/497","JO",497,"C/EGD/2141","Water","jhm","06/10/02 21:41:09","jhm","06/10/02 21:41:10"
"RO/JO/498","JO",498,"C/EGD/2141","Tree","jhm","06/10/02 21:41:19","jhm","06/10/02 21:41:21"
"RO/JO/499","JO",499,"C/EGD/1025","Book","jhm","06/11/02 14:46:19","jhm","06/11/02 14:46:26"
"RO/JO/5","JO",5,"C/JO/2632","Water","jhm","05/17/01 12:04:01","jhm","11/13/02 15:50:58"
"RO/JO/500","JO",500,"C/EGD/2312","Fire","jhm","06/19/02 13:52:58","jhm","06/19/02 13:52:59"
"RO/JO/501","JO",501,"C/JO/3044","Water","jhm","06/19/02 14:13:55","jhm","06/19/02 14:13:56"
"RO/JO/502","JO",502,"C/JO/3044","Straw","jhm","06/19/02 14:14:10","jhm","06/19/02 14:14:18"
"RO/JO/503","JO",503,"C/JO/3038","Water","jhm","06/19/02 14:40:39","jhm","06/19/02 14:40:39"
"RO/JO/504","JO",504,"C/EGD/2327","Bannock","jhm","06/19/02 15:58:27","jhm","06/19/02 15:58:28"
"RO/JO/52","JO",52,"C/EGD/2277","Nail trimmings","jhm","07/30/01 10:51:57","jhm","07/30/01 10:52:03"
"RO/JO/53","JO",53,"C/EGD/2277","Tree","jhm","07/30/01 10:52:11","jhm","07/30/01 10:53:42"
"RO/JO/537","JO",537,"C/JO/3059","Rowan tree","jhm","06/27/02 14:30:19","jhm","06/27/02 14:30:26"
"RO/JO/538","JO",538,"C/JO/3059","Hand (dead)","jhm","06/27/02 14:30:42","jhm","06/27/02 14:30:58"
"RO/JO/539","JO",539,"C/JO/3059","Fire","jhm","07/02/02 14:56:10","jhm","07/02/02 14:56:12"
"RO/JO/54","JO",54,"C/EGD/2277","Earth","jhm","07/30/01 10:55:07","jhm","07/30/01 10:55:12"
"RO/JO/540","JO",540,"C/JO/3078","Belt","jhm","07/02/02 15:37:44","jhm","07/02/02 15:37:47"
"RO/JO/541","JO",541,"C/JO/3082","Water","jhm","07/03/02 11:39:37","jhm","07/03/02 11:39:38"
"RO/JO/542","JO",542,"C/JO/3082","Butter","jhm","07/03/02 11:39:39","jhm","07/03/02 11:39:43"
"RO/JO/543","JO",543,"C/EGD/1045","Water","jhm","07/03/02 14:21:16","jhm","07/03/02 14:21:16"
"RO/JO/544","JO",544,"C/EGD/1045","Stones","jhm","07/03/02 14:21:28","jhm","07/03/02 14:21:30"
"RO/JO/545","JO",545,"C/EGD/1045","Bread","jhm","07/03/02 14:21:33","jhm","07/03/02 14:21:37"
"RO/JO/546","JO",546,"C/EGD/1045","Cheese","jhm","07/03/02 14:21:38","jhm","07/03/02 14:21:41"
"RO/JO/547","JO",547,"C/EGD/1045","Sword","jhm","07/03/02 14:21:45","jhm","07/03/02 14:21:49"
"RO/JO/548","JO",548,"C/EGD/1045","Fire","jhm","07/03/02 14:22:19","jhm","07/03/02 14:22:21"
"RO/JO/549","JO",549,"C/EGD/1045","Shirt","jhm","07/03/02 14:23:15","LEM","11/11/02 11:15:56"
"RO/JO/55","JO",55,"C/EGD/1861","Butter","jhm","07/31/01 11:55:56","jhm","07/31/01 11:55:58"
"RO/JO/550","JO",550,"C/EGD/2262","Water","jhm","07/03/02 14:58:03","jhm","07/03/02 14:58:04"
"RO/JO/551","JO",551,"C/EGD/2262","Clothing","jhm","07/03/02 14:58:07","jhm","07/03/02 14:58:11"
"RO/JO/552","JO",552,"C/EGD/2262","Stones","jhm","07/03/02 14:58:14","jhm","07/03/02 14:58:17"
"RO/JO/553","JO",553,"C/EGD/2262","Nail trimmings","jhm","07/03/02 14:58:47","jhm","07/03/02 14:58:50"
"RO/JO/554","JO",554,"C/EGD/2262","Bannock","jhm","07/03/02 14:58:51","jhm","07/03/02 14:58:52"
"RO/JO/555","JO",555,"C/EGD/2262","Hair","jhm","07/03/02 14:58:55","jhm","11/13/02 13:41:42"
"RO/JO/556","JO",556,"C/JO/3085","Water","jhm","07/03/02 15:25:02","jhm","07/03/02 15:25:03"
"RO/JO/557","JO",557,"C/EGD/292","Water","jhm","07/04/02 13:47:13","jhm","07/04/02 13:47:14"
"RO/JO/558","JO",558,"C/EGD/292","Salt","jhm","07/04/02 13:47:17","jhm","07/04/02 13:47:18"
"RO/JO/559","JO",559,"C/EGD/2148","Sand","jhm","07/09/02 09:15:31","jhm","07/09/02 09:15:38"
"RO/JO/56","JO",56,"C/EGD/1861","Meal","jhm","07/31/01 11:56:02","jhm","07/31/01 11:56:04"
"RO/JO/560","JO",560,"C/EGD/2148","Feathers","jhm","07/09/02 09:15:39","jhm","07/09/02 09:15:41"
"RO/JO/561","JO",561,"C/EGD/2149","Bread","jhm","07/09/02 09:43:44","jhm","07/09/02 09:43:45"
"RO/JO/562","JO",562,"C/EGD/2158","Coin","jhm","07/09/02 11:40:07","jhm","07/09/02 11:40:44"
"RO/JO/563","JO",563,"C/EGD/2158","Paper","jhm","07/09/02 11:40:21","jhm","07/09/02 11:40:22"
"RO/JO/564","JO",564,"C/EGD/2158","Thread","jhm","07/09/02 11:40:23","jhm","11/13/02 12:31:26"
"RO/JO/565","JO",565,"C/EGD/2158","Cloth","jhm","07/09/02 11:40:49","jhm","07/09/02 11:40:50"
"RO/JO/566","JO",566,"C/EGD/2158","Water","jhm","07/09/02 11:40:59","jhm","07/09/02 11:41:02"
"RO/JO/567","JO",567,"C/EGD/2158","Bone","jhm","07/09/02 11:41:04","jhm","07/09/02 11:41:25"
"RO/JO/568","JO",568,"C/EGD/2158","Wax","jhm","07/09/02 11:41:28","jhm","11/13/02 12:32:48"
"RO/JO/569","JO",569,"C/JO/3096","Ring","jhm","07/09/02 15:04:18","jhm","07/09/02 15:04:23"
"RO/JO/57","JO",57,"C/EGD/1770","Tether","jhm","08/16/01 09:34:59","jhm","08/16/01 09:35:03"
"RO/JO/570","JO",570,"C/EGD/1746","Pin","jhm","07/10/02 13:10:58","jhm","07/10/02 13:10:59"
"RO/JO/571","JO",571,"C/EGD/1747","Pin","jhm","07/10/02 13:21:09","jhm","07/10/02 13:21:10"
"RO/JO/572","JO",572,"C/EGD/1748","Pin","jhm","07/10/02 13:35:17","jhm","07/10/02 13:35:19"
"RO/JO/573","JO",573,"C/EGD/2158","Coal","jhm","07/11/02 09:14:03","jhm","07/11/02 09:14:05"
"RO/JO/574","JO",574,"C/EGD/2157","Spindle","jhm","07/11/02 09:17:09","jhm","07/11/02 09:17:19"
"RO/JO/575","JO",575,"C/EGD/2157","Rok(distaff)","jhm","07/11/02 09:20:36","jhm","07/11/02 09:20:46"
"RO/JO/576","JO",576,"C/JO/3107","Stones","jhm","07/18/02 08:59:32","jhm","07/18/02 08:59:34"
"RO/JO/578","JO",578,"C/JO/3107","Water","jhm","07/18/02 09:04:31","jhm","07/18/02 09:04:32"
"RO/JO/579","JO",579,"C/JO/3108","Thread","jhm","07/18/02 09:36:10","jhm","11/13/02 12:44:30"
"RO/JO/58","JO",58,"C/EGD/1770","Water","jhm","08/16/01 09:48:13","jhm","08/16/01 09:48:30"
"RO/JO/580","JO",580,"C/JO/3108","Cloth","jhm","07/18/02 09:36:14","jhm","07/18/02 09:36:15"
"RO/JO/581","JO",581,"C/JO/3108","Coal","jhm","07/18/02 09:36:48","jhm","07/18/02 09:36:49"
"RO/JO/582","JO",582,"C/JO/3095","Hair","jhm","07/18/02 09:55:55","jhm","11/13/02 13:42:30"
"RO/JO/583","JO",583,"C/JO/3095","Nail trimmings","jhm","07/18/02 09:58:37","jhm","07/18/02 09:58:43"
"RO/JO/584","JO",584,"C/JO/3093","Stones","jhm","07/18/02 10:25:17","jhm","07/18/02 10:25:18"
"RO/JO/585","JO",585,"C/JO/3093","Water","jhm","07/18/02 10:25:18","jhm","07/18/02 10:25:19"
"RO/JO/586","JO",586,"C/JO/3093","Shears","jhm","07/18/02 10:26:48","jhm","07/18/02 10:26:53"
"RO/JO/59","JO",59,"C/EGD/1770","Animal dung","jhm","08/16/01 09:48:33","jhm","08/16/01 09:56:05"
"RO/JO/597","JO",597,"C/EGD/2394","Sieve","jhm","07/22/02 12:17:24","jhm","07/22/02 12:17:40"
"RO/JO/598","JO",598,"C/EGD/2401","Sieve","jhm","07/22/02 12:23:03","jhm","07/22/02 12:23:04"
"RO/JO/599","JO",599,"C/EGD/1545","Sieve","jhm","07/22/02 12:30:03","jhm","07/22/02 12:30:04"
"RO/JO/60","JO",60,"C/EGD/1749","Wax/clay images","jhm","08/16/01 16:22:20","jhm","08/16/01 16:22:33"
"RO/JO/600","JO",600,"C/EGD/2400","Sieve","jhm","07/22/02 12:34:57","jhm","07/22/02 12:34:58"
"RO/JO/609","JO",609,"C/EGD/831","Water","jhm","08/02/02 15:30:04","jhm","08/02/02 15:30:05"
"RO/JO/61","JO",61,"C/EGD/1749","Fire","jhm","08/16/01 16:22:39","jhm","08/16/01 16:22:40"
"RO/JO/610","JO",610,"C/EGD/831","Coal","jhm","08/02/02 15:30:06","jhm","08/02/02 15:30:06"
"RO/JO/62","JO",62,"C/EGD/1747","Wax/clay images","jhm","08/17/01 09:46:57","jhm","08/17/01 09:47:00"
"RO/JO/63","JO",63,"C/EGD/1747","Fire","jhm","08/17/01 09:47:01","jhm","08/17/01 09:47:12"
"RO/JO/635","JO",635,"C/EGD/1533","Water","jhm","08/27/02 09:46:40","jhm","08/27/02 09:46:40"
"RO/JO/636","JO",636,"C/EGD/1533","Cloth","jhm","08/27/02 09:46:44","jhm","08/27/02 09:46:53"
"RO/JO/637","JO",637,"C/EGD/1533","Herb","jhm","08/27/02 09:46:53","jhm","08/27/02 09:46:55"
"RO/JO/638","JO",638,"C/JO/3248","Herb","jhm","08/28/02 10:02:51","jhm","08/28/02 10:02:51"
"RO/JO/639","JO",639,"C/JO/3248","Butter","jhm","08/28/02 10:22:41","jhm","08/28/02 10:25:42"
"RO/JO/64","JO",64,"C/EGD/1748","Wax/clay images","jhm","08/17/01 09:49:10","jhm","08/17/01 09:49:12"
"RO/JO/640","JO",640,"C/JO/3248","Curch","jhm","08/28/02 10:25:53","jhm","08/28/02 10:26:00"
"RO/JO/641","JO",641,"C/EGD/1888","Salt","jhm","09/04/02 10:00:46","jhm","09/04/02 10:00:47"
"RO/JO/642","JO",642,"C/EGD/1888","Wheat","jhm","09/04/02 10:00:48","jhm","09/04/02 10:00:52"
"RO/JO/643","JO",643,"C/EGD/1889","Salt","jhm","09/04/02 10:06:13","jhm","09/04/02 10:06:13"
"RO/JO/644","JO",644,"C/EGD/1889","Wheat","jhm","09/04/02 10:08:38","jhm","09/04/02 10:08:42"
"RO/JO/646","JO",646,"C/EGD/1241","Stones","jhm","10/03/02 10:28:01","jhm","10/03/02 10:28:03"
"RO/JO/648","JO",648,"C/EGD/1323","Water","jhm","10/03/02 14:38:53","jhm","10/03/02 14:38:54"
"RO/JO/649","JO",649,"C/EGD/1339","Clay","jhm","10/03/02 15:27:09","jhm","11/13/02 12:26:47"
"RO/JO/65","JO",65,"C/EGD/1748","Fire","jhm","08/17/01 09:49:13","jhm","08/17/01 09:49:13"
"RO/JO/650","JO",650,"C/EGD/136","Wood","jhm","10/03/02 16:00:15","jhm","10/03/02 16:00:27"
"RO/JO/651","JO",651,"C/EGD/136","Butter","jhm","10/03/02 16:00:44","jhm","10/03/02 16:00:45"
"RO/JO/654","JO",654,"C/EGD/148","Drink","jhm","10/08/02 11:22:11","jhm","10/08/02 11:22:13"
"RO/JO/657","JO",657,"C/EGD/1770","Egg","jhm","10/22/02 10:14:04","jhm","10/22/02 10:14:05"
"RO/JO/658","JO",658,"C/EGD/1770","Onion","jhm","10/22/02 10:14:16","jhm","10/22/02 10:14:39"
"RO/JO/659","JO",659,"C/EGD/1770","Salt","jhm","10/22/02 10:15:17","jhm","10/22/02 10:15:18"
"RO/JO/66","JO",66,"C/EGD/1746","Wax/clay images","jhm","08/17/01 09:52:30","jhm","08/17/01 09:52:33"
"RO/JO/660","JO",660,"C/EGD/1774","Hair","jhm","10/22/02 10:25:59","jhm","11/13/02 13:42:49"
"RO/JO/661","JO",661,"C/EGD/1774","Bone","jhm","10/22/02 10:26:10","jhm","10/22/02 10:26:12"
"RO/JO/662","JO",662,"C/EGD/1778","Bone","jhm","10/22/02 10:35:43","jhm","10/22/02 10:35:45"
"RO/JO/663","JO",663,"C/EGD/1848","Grass","jhm","10/22/02 14:16:54","jhm","10/22/02 14:16:58"
"RO/JO/664","JO",664,"C/EGD/213","Water","jhm","10/24/02 10:10:22","jhm","10/24/02 10:10:22"
"RO/JO/665","JO",665,"C/EGD/2158","Bridle/collar","jhm","10/24/02 11:23:38","jhm","10/24/02 11:23:49"
"RO/JO/666","JO",666,"C/EGD/2208","Water","jhm","10/24/02 14:23:31","jhm","10/24/02 14:23:31"
"RO/JO/667","JO",667,"C/EGD/2208","Knife","jhm","10/24/02 14:23:42","jhm","10/24/02 14:23:44"
"RO/JO/668","JO",668,"C/EGD/2219","Bone","jhm","10/24/02 14:51:21","jhm","10/24/02 14:51:24"
"RO/JO/669","JO",669,"C/EGD/2245","Fire","jhm","10/24/02 15:37:00","jhm","10/24/02 15:37:00"
"RO/JO/67","JO",67,"C/EGD/1746","Fire","jhm","08/17/01 09:52:34","jhm","08/17/01 09:52:34"
"RO/JO/670","JO",670,"C/EGD/230","Shears","jhm","10/25/02 16:32:52","jhm","10/25/02 16:32:55"
"RO/JO/671","JO",671,"C/EGD/2425","Fire","jhm","10/29/02 11:20:03","jhm","10/29/02 11:20:05"
"RO/JO/672","JO",672,"C/EGD/2426","Fire","jhm","10/29/02 11:22:23","jhm","10/29/02 11:22:24"
"RO/JO/673","JO",673,"C/EGD/2426","Cloth","jhm","10/29/02 11:22:45","jhm","10/29/02 11:22:50"
"RO/JO/674","JO",674,"C/EGD/2427","Fire","jhm","10/29/02 11:23:28","jhm","10/29/02 11:23:28"
"RO/JO/675","JO",675,"C/EGD/2427","Cloth","jhm","10/29/02 11:23:30","jhm","10/29/02 11:23:42"
"RO/JO/676","JO",676,"C/EGD/2425","Cloth","jhm","10/29/02 11:27:00","jhm","10/29/02 11:27:02"
"RO/JO/677","JO",677,"C/EGD/2453","Belt","jhm","10/29/02 12:36:14","jhm","10/29/02 12:36:15"
"RO/JO/678","JO",678,"C/EGD/2453","Wheat","jhm","10/29/02 12:36:18","jhm","10/29/02 12:36:19"
"RO/JO/679","JO",679,"C/EGD/2453","Coin","jhm","10/29/02 12:36:24","jhm","10/29/02 12:36:26"
"RO/JO/68","JO",68,"C/EGD/1745","Wax/clay images","jhm","08/17/01 10:00:54","jhm","08/17/01 10:00:57"
"RO/JO/680","JO",680,"C/EGD/33","Sieve","jhm","11/04/02 17:06:28","jhm","11/04/02 17:06:34"
"RO/JO/681","JO",681,"C/EGD/401","Flesh","jhm","11/06/02 13:00:51","jhm","11/06/02 13:00:53"
"RO/JO/682","JO",682,"C/EGD/434","Flesh","jhm","11/06/02 15:59:35","jhm","11/06/02 15:59:37"
"RO/JO/69","JO",69,"C/EGD/1745","Fire","jhm","08/17/01 10:00:58","jhm","08/17/01 10:00:59"
"RO/JO/70","JO",70,"C/JO/2881","Hen","jhm","09/06/01 12:42:30","jhm","09/06/01 12:42:39"
"RO/JO/71","JO",71,"C/JO/2881","Feathers","jhm","09/06/01 12:42:50","jhm","09/06/01 12:43:01"
"RO/JO/72","JO",72,"C/JO/2881","Blood (animal)","jhm","09/06/01 12:43:02","jhm","09/06/01 12:43:07"
"RO/JO/73","JO",73,"C/JO/2882","Water","jhm","09/07/01 12:34:27","jhm","09/07/01 12:36:11"
"RO/JO/87","JO",87,"C/EGD/2410","Belt","jhm","10/03/01 10:14:02","jhm","10/03/01 10:14:07"
"RO/LA/1","LA",1,"C/EGD/160","Yarn","LEM","05/17/01 10:53:39","LEM","05/17/01 10:53:42"
"RO/LA/10","LA",10,"C/EGD/166","Baton","LEM","05/21/01 11:26:27","LEM","05/21/01 11:26:29"
"RO/LA/101","LA",101,"C/EGD/141","Flesh","LEM","10/01/01 12:44:10","LEM","10/01/01 12:44:14"
"RO/LA/102","LA",102,"C/EGD/142","Herb","LEM","10/01/01 13:34:10","LEM","10/01/01 13:34:13"
"RO/LA/103","LA",103,"C/EGD/142","Salt","LEM","10/01/01 13:35:19","LEM","10/01/01 13:36:12"
"RO/LA/104","LA",104,"C/EGD/142","Branch","LEM","10/01/01 13:36:17","LEM","10/01/01 13:36:19"
"RO/LA/105","LA",105,"C/EGD/142","Water","LEM","10/01/01 13:36:58","LEM","10/01/01 13:37:00"
"RO/LA/106","LA",106,"C/EGD/142","Shirt","LEM","10/01/01 13:37:22","LEM","10/01/01 13:37:23"
"RO/LA/107","LA",107,"C/EGD/935","Water","LEM","10/01/01 13:54:01","LEM","10/01/01 13:54:02"
"RO/LA/108","LA",108,"C/EGD/935","Shirt","LEM","10/01/01 13:54:43","LEM","10/01/01 13:55:19"
"RO/LA/109","LA",109,"C/EGD/935","Bannock","LEM","10/01/01 14:02:37","LEM","10/01/01 14:02:39"
"RO/LA/11","LA",11,"C/EGD/166","Thread","LEM","05/21/01 11:28:36","LEM","05/21/01 11:34:24"
"RO/LA/110","LA",110,"C/EGD/147","Pot","LEM","10/01/01 15:25:15","LEM","10/01/01 15:25:17"
"RO/LA/114","LA",114,"C/EGD/137","Water","LEM","10/03/01 09:40:29","LEM","10/03/01 09:40:30"
"RO/LA/115","LA",115,"C/EGD/137","Flesh","LEM","10/03/01 09:41:31","LEM","10/03/01 09:41:32"
"RO/LA/116","LA",116,"C/EGD/137","Wax/clay images","LEM","10/03/01 09:42:34","LEM","10/03/01 09:42:37"
"RO/LA/12","LA",12,"C/EGD/166","Corn","LEM","05/21/01 11:37:30","LEM","05/21/01 11:37:38"
"RO/LA/121","LA",121,"C/EGD/132","Thread","LEM","10/03/01 10:06:56","jhm","11/13/02 12:45:56"
"RO/LA/122","LA",122,"C/EGD/132","Hair","LEM","10/03/01 10:06:58","jhm","11/13/02 12:46:51"
"RO/LA/123","LA",123,"C/EGD/132","Nail trimmings","LEM","10/03/01 10:07:03","LEM","10/03/01 10:07:05"
"RO/LA/124","LA",124,"C/EGD/133","Plant","LEM","10/03/01 10:12:14","jhm","11/13/02 12:29:40"
"RO/LA/125","LA",125,"C/EGD/133","Herb","LEM","10/03/01 10:12:20","LEM","10/03/01 10:12:21"
"RO/LA/126","LA",126,"C/EGD/133","Shirt","LEM","10/03/01 10:14:35","LEM","10/03/01 10:14:37"
"RO/LA/127","LA",127,"C/EGD/133","Blood (animal)","LEM","10/03/01 10:14:37","LEM","10/03/01 10:14:38"
"RO/LA/128","LA",128,"C/EGD/133","Bannock","LEM","10/03/01 10:14:41","LEM","10/03/01 10:14:43"
"RO/LA/129","LA",129,"C/EGD/131","Shirt","LEM","10/03/01 10:18:17","LEM","10/03/01 10:18:19"
"RO/LA/13","LA",13,"C/EGD/169","Shirt","LEM","05/21/01 14:11:22","LEM","05/21/01 14:11:25"
"RO/LA/130","LA",130,"C/EGD/131","Water","LEM","10/03/01 10:18:19","LEM","10/03/01 10:18:20"
"RO/LA/131","LA",131,"C/EGD/131","Iron (hot)","LEM","10/03/01 10:19:01","LEM","10/03/01 10:19:14"
"RO/LA/132","LA",132,"C/EGD/131","Branch","LEM","10/03/01 10:19:52","LEM","10/03/01 10:19:54"
"RO/LA/134","LA",134,"C/EGD/132","Herb","LEM","10/03/01 10:31:41","LEM","10/03/01 10:31:42"
"RO/LA/135","LA",135,"C/EGD/133","Metal","LEM","10/03/01 10:34:33","LEM","10/03/01 10:34:37"
"RO/LA/136","LA",136,"C/EGD/136","Plant","LEM","10/03/01 10:37:42","jhm","11/13/02 12:30:35"
"RO/LA/137","LA",137,"C/EGD/136","Salt","LEM","10/03/01 10:38:42","LEM","10/03/01 10:38:42"
"RO/LA/138","LA",138,"C/EGD/136","Water","LEM","10/03/01 10:38:43","LEM","10/03/01 10:38:44"
"RO/LA/139","LA",139,"C/EGD/136","Cat","LEM","10/03/01 10:39:47","LEM","10/03/01 10:39:49"
"RO/LA/14","LA",14,"C/EGD/169","Water","LEM","05/21/01 14:11:27","LEM","05/21/01 14:11:29"
"RO/LA/140","LA",140,"C/EGD/39","Wax/clay images","LEM","10/08/01 11:40:24","LEM","10/08/01 11:40:27"
"RO/LA/141","LA",141,"C/EGD/45","Wax/clay images","LEM","10/08/01 11:41:54","LEM","10/08/01 11:41:56"
"RO/LA/142","LA",142,"C/EGD/46","Wax/clay images","LEM","10/08/01 12:03:03","LEM","10/08/01 12:03:05"
"RO/LA/144","LA",144,"C/EGD/40","Hair","LEM","10/08/01 12:58:17","jhm","11/13/02 13:43:10"
"RO/LA/145","LA",145,"C/EGD/40","Nail trimmings","LEM","10/08/01 12:58:18","LEM","10/08/01 12:58:20"
"RO/LA/15","LA",15,"C/EGD/169","Bird (dead)","LEM","05/21/01 14:11:32","LEM","05/21/01 14:11:40"
"RO/LA/152","LA",152,"C/EGD/41","Water","LEM","10/08/01 13:08:25","LEM","10/08/01 13:08:48"
"RO/LA/153","LA",153,"C/EGD/59","Cat","LEM","10/09/01 09:37:39","LEM","10/09/01 09:37:42"
"RO/LA/154","LA",154,"C/EGD/59","Corpse","LEM","10/09/01 09:39:42","LEM","10/09/01 09:39:48"
"RO/LA/155","LA",155,"C/EGD/59","Mole's feet","LEM","10/09/01 09:45:04","LEM","10/09/01 09:45:08"
"RO/LA/158","LA",158,"C/EGD/63","Shirt","LEM","10/09/01 10:32:36","LEM","10/09/01 10:32:39"
"RO/LA/159","LA",159,"C/EGD/63","Cat","LEM","10/09/01 11:48:53","LEM","10/09/01 11:48:54"
"RO/LA/16","LA",16,"C/EGD/169","Hand (dead)","LEM","05/21/01 14:13:41","LEM","05/21/01 14:14:51"
"RO/LA/160","LA",160,"C/EGD/63","Corpse","LEM","10/09/01 11:48:59","LEM","10/09/01 11:49:06"
"RO/LA/161","LA",161,"C/EGD/63","Wax/clay images","LEM","10/09/01 11:51:19","LEM","10/09/01 11:51:22"
"RO/LA/162","LA",162,"C/EGD/63","Corpse powder","LEM","10/09/01 11:53:31","LEM","10/09/01 11:53:35"
"RO/LA/163","LA",163,"C/EGD/63","Salt","LEM","10/09/01 12:02:33","LEM","10/09/01 12:02:35"
"RO/LA/164","LA",164,"C/EGD/63","Thread","LEM","10/09/01 12:02:37","jhm","11/13/02 12:47:55"
"RO/LA/165","LA",165,"C/EGD/63","Glass","LEM","10/09/01 12:02:47","LEM","10/09/01 12:02:49"
"RO/LA/17","LA",17,"C/EGD/170","Water","LEM","05/21/01 15:01:52","LEM","05/21/01 15:01:54"
"RO/LA/18","LA",18,"C/EGD/170","Salt","LEM","05/21/01 15:02:05","LEM","05/21/01 15:02:06"
"RO/LA/19","LA",19,"C/EGD/172","Jewel","LEM","05/21/01 15:51:59","LEM","05/21/01 15:52:03"
"RO/LA/2","LA",2,"C/EGD/160","Cat","LEM","05/17/01 10:53:45","LEM","05/17/01 10:53:46"
"RO/LA/20","LA",20,"C/EGD/179","Water","LEM","05/21/01 16:35:48","LEM","05/21/01 16:35:50"
"RO/LA/21","LA",21,"C/EGD/179","Stones","LEM","05/21/01 16:38:50","LEM","05/21/01 16:38:52"
"RO/LA/22","LA",22,"C/EGD/179","Branch","LEM","05/21/01 16:39:09","LEM","05/21/01 16:39:12"
"RO/LA/23","LA",23,"C/EGD/179","Elfshot","LEM","05/21/01 16:40:59","jhm","02/28/02 15:14:28"
"RO/LA/236","LA",236,"C/EGD/120","Glass","LEM","10/10/01 09:12:37","LEM","10/10/01 09:12:38"
"RO/LA/237","LA",237,"C/EGD/120","Thread","LEM","10/10/01 09:12:40","jhm","11/13/02 12:48:15"
"RO/LA/238","LA",238,"C/EGD/120","Salt","LEM","10/10/01 09:12:44","LEM","10/10/01 09:12:45"
"RO/LA/239","LA",239,"C/EGD/120","Corpse","LEM","10/10/01 09:12:46","LEM","10/10/01 09:12:49"
"RO/LA/24","LA",24,"C/EGD/179","Wort","LEM","05/21/01 16:45:15","LEM","05/21/01 16:45:16"
"RO/LA/240","LA",240,"C/EGD/110","Cat","LEM","10/10/01 09:20:54","LEM","10/10/01 09:20:55"
"RO/LA/241","LA",241,"C/EGD/110","Corpse","LEM","10/10/01 09:20:56","LEM","10/10/01 09:20:57"
"RO/LA/242","LA",242,"C/EGD/110","Corpse powder","LEM","10/10/01 09:20:57","LEM","10/10/01 09:21:01"
"RO/LA/25","LA",25,"C/EGD/179","Watercress","LEM","05/21/01 16:45:17","LEM","05/21/01 16:45:20"
"RO/LA/26","LA",26,"C/EGD/179","Bannock","LEM","05/21/01 16:52:53","LEM","05/21/01 16:52:56"
"RO/LA/267","LA",267,"C/EGD/103","Wax/clay images","LEM","10/10/01 13:31:12","LEM","10/10/01 13:31:38"
"RO/LA/268","LA",268,"C/EGD/103","Toad","LEM","10/10/01 15:35:48","LEM","10/10/01 15:36:00"
"RO/LA/269","LA",269,"C/EGD/103","Urine (stale)","LEM","10/10/01 15:36:04","LEM","10/10/01 15:36:19"
"RO/LA/27","LA",27,"C/EGD/179","Corpse","LEM","05/21/01 16:57:29","LEM","05/21/01 16:57:53"
"RO/LA/270","LA",270,"C/EGD/103","Snake skin","LEM","10/10/01 15:36:54","LEM","10/10/01 15:37:06"
"RO/LA/271","LA",271,"C/EGD/107","Wax/clay images","LEM","10/10/01 15:41:20","LEM","10/10/01 15:41:22"
"RO/LA/272","LA",272,"C/EGD/107","Toad","LEM","10/10/01 15:41:22","LEM","10/10/01 15:41:26"
"RO/LA/273","LA",273,"C/EGD/107","Snake skin","LEM","10/10/01 15:41:30","LEM","10/10/01 15:41:35"
"RO/LA/274","LA",274,"C/EGD/107","Urine (stale)","LEM","10/10/01 15:41:46","LEM","10/10/01 15:41:49"
"RO/LA/279","LA",279,"C/EGD/110","Wax/clay images","LEM","10/10/01 15:48:02","LEM","10/10/01 15:48:02"
"RO/LA/280","LA",280,"C/EGD/110","Snake skin","LEM","10/10/01 15:48:03","LEM","10/10/01 15:48:07"
"RO/LA/281","LA",281,"C/EGD/110","Urine (stale)","LEM","10/10/01 15:48:07","LEM","10/10/01 15:48:11"
"RO/LA/282","LA",282,"C/EGD/110","Toad","LEM","10/10/01 15:48:12","LEM","10/10/01 15:48:14"
"RO/LA/283","LA",283,"C/EGD/108","Wax/clay images","LEM","10/10/01 15:50:46","LEM","10/10/01 15:50:47"
"RO/LA/284","LA",284,"C/EGD/108","Snake skin","LEM","10/10/01 15:51:01","LEM","10/10/01 15:51:03"
"RO/LA/285","LA",285,"C/EGD/108","Toad","LEM","10/10/01 15:51:04","LEM","10/10/01 15:51:05"
"RO/LA/286","LA",286,"C/EGD/108","Urine (stale)","LEM","10/10/01 15:51:53","LEM","10/10/01 15:51:56"
"RO/LA/287","LA",287,"C/EGD/104","Cat","LEM","10/16/01 10:10:54","LEM","10/16/01 10:10:56"
"RO/LA/288","LA",288,"C/EGD/104","Wax/clay images","LEM","10/16/01 10:10:58","LEM","10/16/01 10:11:00"
"RO/LA/289","LA",289,"C/EGD/104","Bowl","LEM","10/16/01 10:11:18","LEM","10/16/01 10:11:20"
"RO/LA/290","LA",290,"C/EGD/104","Grave earth","LEM","10/16/01 10:12:21","LEM","10/16/01 10:12:25"
"RO/LA/291","LA",291,"C/EGD/104","Corpse powder","LEM","10/16/01 10:12:27","LEM","10/16/01 10:12:29"
"RO/LA/292","LA",292,"C/EGD/104","Stones","LEM","10/16/01 10:13:08","LEM","10/16/01 10:13:12"
"RO/LA/293","LA",293,"C/EGD/104","Blood (animal)","LEM","10/16/01 10:18:57","LEM","10/16/01 10:19:00"
"RO/LA/297","LA",297,"C/EGD/1258","Thread","LEM","10/16/01 12:06:41","jhm","11/13/02 12:48:26"
"RO/LA/298","LA",298,"C/EGD/1258","Water","LEM","10/16/01 12:09:17","LEM","10/16/01 12:09:59"
"RO/LA/299","LA",299,"C/EGD/1258","Coal","LEM","10/16/01 12:10:58","LEM","10/16/01 12:11:01"
"RO/LA/3","LA",3,"C/EGD/160","Salt","LEM","05/17/01 10:53:47","LEM","05/17/01 10:53:49"
"RO/LA/300","LA",300,"C/EGD/1258","Belt","LEM","10/16/01 12:11:11","LEM","10/16/01 12:11:13"
"RO/LA/301","LA",301,"C/EGD/1258","Hair","LEM","10/16/01 12:11:54","jhm","11/13/02 12:48:44"
"RO/LA/302","LA",302,"C/EGD/1258","Potions","LEM","10/16/01 12:22:52","LEM","10/16/01 12:23:00"
"RO/LA/303","LA",303,"C/EGD/1268","Water","LEM","10/16/01 15:25:20","LEM","10/16/01 15:25:20"
"RO/LA/304","LA",304,"C/EGD/1268","Cat","LEM","10/16/01 15:25:22","LEM","10/16/01 15:25:25"
"RO/LA/305","LA",305,"C/EGD/1268","Salt water","LEM","10/16/01 15:27:55","LEM","10/16/01 15:27:59"
"RO/LA/306","LA",306,"C/EGD/1268","Salt","LEM","10/16/01 15:28:00","LEM","10/16/01 15:28:01"
"RO/LA/307","LA",307,"C/EGD/1268","Spit","LEM","10/16/01 15:28:14","LEM","10/16/01 15:28:20"
"RO/LA/308","LA",308,"C/EGD/1269","Silver","LEM","10/16/01 15:48:16","LEM","10/16/01 15:48:21"
"RO/LA/309","LA",309,"C/EGD/29","Herb","LEM","10/18/01 09:55:35","LEM","10/18/01 09:55:40"
"RO/LA/311","LA",311,"C/EGD/1278","Stones","LEM","10/18/01 12:25:33","LEM","10/18/01 12:25:34"
"RO/LA/312","LA",312,"C/EGD/1278","Water","LEM","10/18/01 12:25:35","LEM","10/18/01 12:25:37"
"RO/LA/313","LA",313,"C/EGD/1278","Herb","LEM","10/18/01 12:31:33","LEM","10/18/01 12:32:51"
"RO/LA/314","LA",314,"C/EGD/1278","Cloth","LEM","10/18/01 13:40:16","LEM","10/18/01 13:40:18"
"RO/LA/315","LA",315,"C/EGD/1339","Sieve","LEM","10/19/01 12:37:41","LEM","10/19/01 12:37:42"
"RO/LA/316","LA",316,"C/EGD/1284","Stones","LEM","10/23/01 10:46:40","LEM","10/23/01 10:46:42"
"RO/LA/317","LA",317,"C/EGD/1284","Sieve","LEM","10/23/01 10:46:44","LEM","10/23/01 10:46:47"
"RO/LA/318","LA",318,"C/EGD/1284","Iron (hot)","LEM","10/23/01 10:46:55","LEM","10/23/01 10:46:57"
"RO/LA/319","LA",319,"C/EGD/1284","Water","LEM","10/23/01 10:47:37","LEM","10/23/01 10:47:45"
"RO/LA/32","LA",32,"C/EGD/103","Cat","LEM","05/28/01 13:55:19","LEM","05/28/01 13:55:22"
"RO/LA/320","LA",320,"C/EGD/1364","Lead","LEM","10/23/01 13:04:10","jhm","11/13/02 12:28:08"
"RO/LA/321","LA",321,"C/EGD/1364","Thread","LEM","10/23/01 13:04:17","jhm","11/13/02 12:29:04"
"RO/LA/322","LA",322,"C/EGD/882","Shirt","LEM","10/23/01 14:58:00","LEM","10/23/01 14:58:02"
"RO/LA/323","LA",323,"C/EGD/963","Ale","LEM","10/23/01 15:28:48","LEM","11/14/02 10:15:04"
"RO/LA/324","LA",324,"C/EGD/963","Bannock","LEM","10/23/01 15:28:53","LEM","10/23/01 15:28:54"
"RO/LA/325","LA",325,"C/EGD/964","Bannock","LEM","10/23/01 15:52:37","LEM","10/23/01 15:52:42"
"RO/LA/326","LA",326,"C/LA/2911","Wax/clay images","LEM","11/21/01 14:52:19","LEM","11/21/01 14:52:23"
"RO/LA/327","LA",327,"C/LA/2911","Toad","LEM","11/21/01 14:52:30","LEM","11/21/01 14:52:32"
"RO/LA/328","LA",328,"C/EGD/317","Pin","LEM","11/29/01 12:16:31","LEM","11/29/01 12:16:35"
"RO/LA/329","LA",329,"C/EGD/317","Flesh","LEM","11/29/01 12:16:38","LEM","11/29/01 12:16:40"
"RO/LA/33","LA",33,"C/EGD/157","Water","LEM","06/12/01 09:46:06","LEM","06/12/01 09:46:08"
"RO/LA/330","LA",330,"C/EGD/317","Shirt","LEM","11/29/01 12:16:46","LEM","11/29/01 12:16:47"
"RO/LA/331","LA",331,"C/EGD/317","Foxtree Leaves","LEM","11/29/01 12:16:49","LEM","11/29/01 12:17:00"
"RO/LA/332","LA",332,"C/EGD/790","Bannock","LEM","11/30/01 11:52:53","LEM","11/30/01 11:52:55"
"RO/LA/333","LA",333,"C/EGD/584","Flesh","LEM","12/03/01 09:38:16","LEM","12/03/01 09:38:20"
"RO/LA/334","LA",334,"C/EGD/584","Powder","LEM","12/03/01 09:38:27","LEM","12/03/01 09:38:30"
"RO/LA/335","LA",335,"C/EGD/1727","Flesh","LEM","12/03/01 09:42:51","LEM","12/03/01 09:42:54"
"RO/LA/339","LA",339,"C/EGD/1744","Fire","LEM","01/16/02 12:40:43","LEM","01/16/02 12:40:44"
"RO/LA/340","LA",340,"C/EGD/1744","Wax/clay images","LEM","01/16/02 12:40:45","LEM","01/16/02 12:40:48"
"RO/LA/341","LA",341,"C/EGD/1773","Wax/clay images","LEM","01/30/02 13:34:59","LEM","01/30/02 13:35:01"
"RO/LA/342","LA",342,"C/EGD/1778","Hair","LEM","01/31/02 09:31:14","jhm","11/13/02 13:43:28"
"RO/LA/343","LA",343,"C/EGD/1778","Blood (animal)","LEM","01/31/02 09:31:17","LEM","01/31/02 09:31:22"
"RO/LA/344","LA",344,"C/EGD/1778","Wax/clay images","LEM","01/31/02 09:31:23","LEM","01/31/02 09:31:27"
"RO/LA/345","LA",345,"C/EGD/1774","Stones","LEM","01/31/02 09:36:30","LEM","01/31/02 09:36:31"
"RO/LA/346","LA",346,"C/EGD/1774","Blood (animal)","LEM","01/31/02 09:36:31","LEM","01/31/02 09:36:34"
"RO/LA/347","LA",347,"C/EGD/1774","Wax/clay images","LEM","01/31/02 09:36:34","LEM","01/31/02 09:36:39"
"RO/LA/348","LA",348,"C/EGD/1773","Bone","LEM","01/31/02 09:52:52","LEM","01/31/02 09:52:57"
"RO/LA/349","LA",349,"C/EGD/1773","Blood (animal)","LEM","01/31/02 09:52:58","LEM","01/31/02 09:52:59"
"RO/LA/35","LA",35,"C/EGD/157","Yarn","LEM","06/12/01 09:47:34","LEM","06/12/01 09:48:19"
"RO/LA/350","LA",350,"C/EGD/1773","Hair","LEM","01/31/02 09:53:01","jhm","11/13/02 13:43:41"
"RO/LA/351","LA",351,"C/LA/2959","Wax/clay images","LEM","01/31/02 09:56:30","LEM","01/31/02 09:56:33"
"RO/LA/352","LA",352,"C/LA/2959","Bone","LEM","01/31/02 09:56:34","LEM","01/31/02 09:56:41"
"RO/LA/353","LA",353,"C/LA/2959","Hair","LEM","01/31/02 09:56:47","jhm","11/13/02 13:44:10"
"RO/LA/354","LA",354,"C/LA/2959","Blood (animal)","LEM","01/31/02 09:56:52","LEM","01/31/02 09:56:52"
"RO/LA/355","LA",355,"C/EGD/1781","Wax/clay images","LEM","01/31/02 09:57:40","LEM","01/31/02 09:57:41"
"RO/LA/356","LA",356,"C/EGD/1781","Bone","LEM","01/31/02 09:57:41","jhm","11/13/02 15:53:02"
"RO/LA/357","LA",357,"C/EGD/1781","Hair","LEM","01/31/02 09:57:46","jhm","11/13/02 13:44:41"
"RO/LA/358","LA",358,"C/EGD/1781","Blood (animal)","LEM","01/31/02 09:57:48","LEM","01/31/02 09:57:50"
"RO/LA/359","LA",359,"C/EGD/1780","Wax/clay images","LEM","01/31/02 09:59:18","LEM","01/31/02 09:59:19"
"RO/LA/36","LA",36,"C/EGD/157","Fire","LEM","06/12/01 09:50:31","LEM","06/12/01 09:50:34"
"RO/LA/360","LA",360,"C/EGD/1780","Blood (animal)","LEM","01/31/02 09:59:20","LEM","01/31/02 09:59:21"
"RO/LA/361","LA",361,"C/EGD/1780","Hair","LEM","01/31/02 09:59:21","jhm","11/13/02 13:45:11"
"RO/LA/362","LA",362,"C/EGD/1780","Bone","LEM","01/31/02 09:59:23","jhm","10/22/02 10:50:27"
"RO/LA/363","LA",363,"C/EGD/1777","Wax/clay images","LEM","01/31/02 09:59:46","LEM","01/31/02 09:59:48"
"RO/LA/364","LA",364,"C/EGD/1777","Blood (animal)","LEM","01/31/02 09:59:49","LEM","01/31/02 09:59:50"
"RO/LA/365","LA",365,"C/EGD/1777","Bone","LEM","01/31/02 09:59:50","jhm","10/22/02 10:36:02"
"RO/LA/366","LA",366,"C/EGD/1777","Hair","LEM","01/31/02 09:59:53","jhm","11/13/02 13:45:40"
"RO/LA/368","LA",368,"C/LA/2968","Wax/clay images","LEM","01/31/02 13:19:37","LEM","01/31/02 13:19:40"
"RO/LA/369","LA",369,"C/LA/2970","Bone","LEM","01/31/02 15:01:27","jhm","11/13/02 13:47:40"
"RO/LA/37","LA",37,"C/EGD/173","Horseshoe","LEM","06/15/01 13:24:43","LEM","06/15/01 13:25:12"
"RO/LA/370","LA",370,"C/LA/2970","Hair","LEM","01/31/02 15:01:29","jhm","11/13/02 13:45:49"
"RO/LA/371","LA",371,"C/LA/2970","Blood (animal)","LEM","01/31/02 15:01:30","LEM","01/31/02 15:01:31"
"RO/LA/372","LA",372,"C/LA/2970","Wax/clay images","LEM","01/31/02 15:01:31","LEM","01/31/02 15:01:33"
"RO/LA/373","LA",373,"C/LA/2972","Wax/clay images","LEM","01/31/02 20:56:39","LEM","01/31/02 20:56:40"
"RO/LA/374","LA",374,"C/LA/2972","Bone","LEM","01/31/02 20:56:41","jhm","11/13/02 13:46:29"
"RO/LA/375","LA",375,"C/LA/2972","Hair","LEM","01/31/02 20:56:42","jhm","11/13/02 13:46:25"
"RO/LA/376","LA",376,"C/LA/2972","Blood (animal)","LEM","01/31/02 20:56:46","LEM","01/31/02 20:56:47"
"RO/LA/377","LA",377,"C/EGD/1779","Wax/clay images","LEM","01/31/02 21:08:15","LEM","01/31/02 21:08:17"
"RO/LA/378","LA",378,"C/EGD/1779","Blood (animal)","LEM","01/31/02 21:08:24","LEM","01/31/02 21:08:25"
"RO/LA/379","LA",379,"C/EGD/1779","Bone","LEM","01/31/02 21:08:25","jhm","11/13/02 13:47:47"
"RO/LA/38","LA",38,"C/EGD/1605","Stones","LEM","06/19/01 13:43:49","LEM","06/19/01 13:43:51"
"RO/LA/380","LA",380,"C/EGD/1779","Hair","LEM","01/31/02 21:08:27","jhm","11/13/02 13:47:57"
"RO/LA/381","LA",381,"C/LA/2973","Bone","LEM","01/31/02 21:23:49","jhm","11/13/02 13:48:45"
"RO/LA/382","LA",382,"C/LA/2973","Hair","LEM","01/31/02 21:23:51","jhm","11/13/02 13:48:42"
"RO/LA/383","LA",383,"C/LA/2973","Blood (animal)","LEM","01/31/02 21:23:53","LEM","01/31/02 21:23:55"
"RO/LA/384","LA",384,"C/LA/2973","Wax/clay images","LEM","01/31/02 21:23:56","LEM","01/31/02 21:23:58"
"RO/LA/385","LA",385,"C/LA/2974","Hair","LEM","01/31/02 21:35:51","jhm","11/13/02 13:49:48"
"RO/LA/386","LA",386,"C/LA/2974","Bone","LEM","01/31/02 21:35:54","jhm","11/13/02 13:49:43"
"RO/LA/387","LA",387,"C/LA/2974","Blood (animal)","LEM","01/31/02 21:35:57","LEM","01/31/02 21:35:59"
"RO/LA/388","LA",388,"C/LA/2974","Wax/clay images","LEM","01/31/02 21:35:59","LEM","01/31/02 21:36:01"
"RO/LA/389","LA",389,"C/LA/2975","Hair","LEM","02/01/02 11:23:35","jhm","11/13/02 13:50:14"
"RO/LA/39","LA",39,"C/EGD/409","Thread","LEM","07/05/01 10:34:36","jhm","11/13/02 12:49:40"
"RO/LA/390","LA",390,"C/LA/2975","Bone","LEM","02/01/02 11:23:37","LEM","02/01/02 11:23:38"
"RO/LA/391","LA",391,"C/LA/2975","Blood (animal)","LEM","02/01/02 11:23:42","LEM","02/01/02 11:23:43"
"RO/LA/392","LA",392,"C/LA/2975","Wax/clay images","LEM","02/01/02 11:23:46","LEM","02/01/02 11:23:47"
"RO/LA/393","LA",393,"C/LA/2976","Wax/clay images","LEM","02/01/02 11:46:43","LEM","02/01/02 11:46:44"
"RO/LA/394","LA",394,"C/LA/2976","Bone","LEM","02/01/02 11:46:45","LEM","02/01/02 11:46:45"
"RO/LA/395","LA",395,"C/LA/2976","Hair","LEM","02/01/02 11:46:46","jhm","11/13/02 13:50:42"
"RO/LA/396","LA",396,"C/LA/2976","Blood (animal)","LEM","02/01/02 11:46:48","LEM","02/01/02 11:46:51"
"RO/LA/397","LA",397,"C/LA/2977","Wax/clay images","LEM","02/01/02 11:57:53","LEM","02/01/02 11:57:54"
"RO/LA/398","LA",398,"C/LA/2977","Bone","LEM","02/01/02 11:57:55","LEM","02/01/02 11:57:57"
"RO/LA/399","LA",399,"C/LA/2977","Hair","LEM","02/01/02 11:57:57","jhm","11/13/02 13:51:12"
"RO/LA/4","LA",4,"C/EGD/160","Lee Penny","LEM","05/17/01 10:53:52","LEM","05/17/01 10:53:54"
"RO/LA/40","LA",40,"C/EGD/409","Oil","LEM","07/05/01 10:34:46","LEM","07/05/01 10:35:01"
"RO/LA/400","LA",400,"C/LA/2977","Blood (animal)","LEM","02/01/02 11:57:59","LEM","02/01/02 11:58:00"
"RO/LA/401","LA",401,"C/LA/2978","Bone","LEM","02/01/02 12:19:21","LEM","02/01/02 12:19:22"
"RO/LA/402","LA",402,"C/LA/2978","Hair","LEM","02/01/02 12:19:23","jhm","11/13/02 13:51:38"
"RO/LA/403","LA",403,"C/LA/2978","Blood (animal)","LEM","02/01/02 12:19:43","LEM","02/01/02 12:19:44"
"RO/LA/404","LA",404,"C/LA/2978","Wax/clay images","LEM","02/01/02 12:19:44","LEM","02/01/02 12:19:47"
"RO/LA/405","LA",405,"C/LA/2979","Wax/clay images","LEM","02/01/02 12:31:22","LEM","02/01/02 12:31:24"
"RO/LA/406","LA",406,"C/LA/2979","Bone","LEM","02/01/02 12:31:25","LEM","02/01/02 12:31:26"
"RO/LA/407","LA",407,"C/LA/2979","Blood (animal)","LEM","02/01/02 12:31:26","LEM","02/01/02 12:31:27"
"RO/LA/408","LA",408,"C/LA/2979","Hair","LEM","02/01/02 12:31:27","jhm","11/13/02 13:52:05"
"RO/LA/409","LA",409,"C/LA/2980","Wax/clay images","LEM","02/01/02 12:41:16","LEM","02/01/02 12:41:17"
"RO/LA/41","LA",41,"C/EGD/409","Egg","LEM","07/05/01 10:35:08","LEM","07/05/01 10:35:12"
"RO/LA/410","LA",410,"C/LA/2980","Bone","LEM","02/01/02 12:41:17","LEM","02/01/02 12:41:19"
"RO/LA/411","LA",411,"C/LA/2980","Blood (animal)","LEM","02/01/02 12:41:20","LEM","02/01/02 12:41:20"
"RO/LA/412","LA",412,"C/LA/2980","Hair","LEM","02/01/02 12:41:24","jhm","11/13/02 13:52:48"
"RO/LA/413","LA",413,"C/EGD/1935","Wax/clay images","LEM","02/01/02 14:35:08","LEM","02/01/02 14:35:10"
"RO/LA/414","LA",414,"C/EGD/1935","Bone","LEM","02/01/02 14:35:11","LEM","02/01/02 14:35:12"
"RO/LA/415","LA",415,"C/EGD/1935","Hair","LEM","02/01/02 14:35:13","jhm","11/13/02 13:53:29"
"RO/LA/416","LA",416,"C/EGD/1935","Blood (animal)","LEM","02/01/02 14:35:14","LEM","02/01/02 14:35:16"
"RO/LA/417","LA",417,"C/EGD/726","Wax/clay images","LEM","02/18/02 15:27:26","LEM","02/18/02 15:27:30"
"RO/LA/418","LA",418,"C/EGD/743","Leather Strap","LEM","02/18/02 15:47:32","LEM","02/18/02 15:47:37"
"RO/LA/419","LA",419,"C/EGD/743","Wax/clay images","LEM","02/18/02 15:49:04","LEM","02/18/02 15:49:12"
"RO/LA/42","LA",42,"C/EGD/409","Garlic","LEM","07/05/01 10:35:30","LEM","07/05/01 10:35:33"
"RO/LA/420","LA",420,"C/EGD/745","Hair","LEM","02/18/02 15:52:06","jhm","11/13/02 13:54:10"
"RO/LA/421","LA",421,"C/EGD/745","Belt","LEM","02/18/02 15:52:30","LEM","02/18/02 15:52:32"
"RO/LA/422","LA",422,"C/EGD/748","Frog","LEM","02/18/02 18:34:25","LEM","02/18/02 18:34:28"
"RO/LA/423","LA",423,"C/EGD/748","Water","LEM","02/18/02 18:34:57","LEM","02/18/02 18:34:58"
"RO/LA/424","LA",424,"C/EGD/746","Frog","LEM","02/18/02 18:37:14","LEM","02/18/02 18:37:19"
"RO/LA/425","LA",425,"C/EGD/747","Frog","LEM","02/18/02 18:41:06","jhm","11/13/02 15:53:12"
"RO/LA/43","LA",43,"C/EGD/409","Aqua Vitae","LEM","07/05/01 10:35:39","LEM","07/05/01 10:35:45"
"RO/LA/44","LA",44,"C/EGD/385","Salt","LEM","07/16/01 16:07:59","LEM","07/16/01 16:08:00"
"RO/LA/440","LA",440,"C/EGD/166","Cloth","LEM","04/17/02 22:25:29","LEM","04/17/02 22:25:30"
"RO/LA/441","LA",441,"C/EGD/166","Water","LEM","04/17/02 22:25:33","LEM","04/17/02 22:25:39"
"RO/LA/443","LA",443,"C/EGD/1094","Shirt","LEM","05/02/02 15:31:58","LEM","05/02/02 15:32:08"
"RO/LA/444","LA",444,"C/EGD/1094","Bannock","LEM","05/02/02 15:33:41","LEM","05/02/02 15:33:42"
"RO/LA/445","LA",445,"C/EGD/1094","Powder","LEM","05/02/02 15:33:42","LEM","05/02/02 15:33:46"
"RO/LA/446","LA",446,"C/EGD/1094","Amulet","LEM","05/02/02 15:40:33","LEM","05/02/02 15:40:47"
"RO/LA/447","LA",447,"C/EGD/1094","Nail","LEM","05/02/02 15:41:08","LEM","05/02/02 15:41:21"
"RO/LA/448","LA",448,"C/EGD/1094","Water","LEM","05/02/02 15:45:44","LEM","05/02/02 15:45:44"
"RO/LA/449","LA",449,"C/EGD/1094","Stones","LEM","05/02/02 15:55:58","LEM","05/02/02 15:56:01"
"RO/LA/450","LA",450,"C/EGD/162","Fire","LEM","05/06/02 20:14:12","LEM","05/06/02 20:14:14"
"RO/LA/451","LA",451,"C/EGD/166","Bird (dead)","LEM","05/07/02 10:34:31","LEM","05/07/02 10:34:38"
"RO/LA/452","LA",452,"C/LA/2949","Flesh","LEM","05/09/02 12:00:19","LEM","05/09/02 12:00:21"
"RO/LA/5","LA",5,"C/EGD/160","Flask of Water","LEM","05/17/01 10:54:00","LEM","05/17/01 10:54:04"
"RO/LA/501","LA",501,"C/EGD/964","Meal","LEM","06/17/02 11:03:19","LEM","06/17/02 11:03:24"
"RO/LA/502","LA",502,"C/EGD/1284","Bone","LEM","06/17/02 12:02:09","LEM","06/17/02 12:02:12"
"RO/LA/503","LA",503,"C/EGD/2264","Bannock","LEM","06/19/02 11:12:28","LEM","06/19/02 11:12:28"
"RO/LA/504","LA",504,"C/EGD/2264","Water","LEM","06/19/02 11:12:29","LEM","06/19/02 11:12:35"
"RO/LA/505","LA",505,"C/EGD/2264","Thread","LEM","06/19/02 11:12:36","jhm","11/13/02 12:50:21"
"RO/LA/506","LA",506,"C/EGD/2212","Egg","LEM","06/19/02 12:01:07","LEM","06/19/02 12:01:09"
"RO/LA/507","LA",507,"C/EGD/2212","Herb","LEM","06/19/02 12:09:41","LEM","06/19/02 12:09:44"
"RO/LA/508","LA",508,"C/EGD/2220","Sea Nut","LEM","06/19/02 14:03:52","LEM","06/19/02 14:04:17"
"RO/LA/509","LA",509,"C/EGD/2220","Hook","LEM","06/19/02 14:04:28","LEM","06/19/02 14:04:29"
"RO/LA/510","LA",510,"C/EGD/2219","Thread","LEM","06/19/02 14:25:19","jhm","11/13/02 12:50:34"
"RO/LA/511","LA",511,"C/LA/3054","Thread","LEM","06/19/02 15:11:16","jhm","11/13/02 12:50:50"
"RO/LA/512","LA",512,"C/EGD/2245","Blood (animal)","LEM","06/19/02 15:19:36","LEM","06/19/02 15:19:40"
"RO/LA/513","LA",513,"C/EGD/2210","Thread","LEM","06/19/02 15:42:03","jhm","11/13/02 12:51:20"
"RO/LA/514","LA",514,"C/EGD/2210","Stones","LEM","06/19/02 15:44:17","LEM","06/19/02 15:44:18"
"RO/LA/515","LA",515,"C/EGD/2210","Earth","LEM","06/19/02 15:44:19","LEM","06/19/02 15:44:30"
"RO/LA/516","LA",516,"C/EGD/2234","Water","LEM","06/19/02 15:49:09","LEM","06/19/02 15:49:10"
"RO/LA/517","LA",517,"C/EGD/2234","Knife","LEM","06/19/02 15:49:10","LEM","06/19/02 15:49:12"
"RO/LA/518","LA",518,"C/EGD/2234","Corn","LEM","06/19/02 15:49:55","LEM","06/19/02 15:50:10"
"RO/LA/519","LA",519,"C/EGD/2257","Coin","LEM","06/19/02 16:10:45","LEM","06/19/02 16:10:57"
"RO/LA/520","LA",520,"C/EGD/2215","Ash","LEM","06/19/02 16:16:12","LEM","06/19/02 16:16:16"
"RO/LA/521","LA",521,"C/EGD/2215","Cloth","LEM","06/19/02 16:16:17","LEM","06/19/02 16:16:18"
"RO/LA/522","LA",522,"C/EGD/2255","Cloth","LEM","06/19/02 16:18:49","LEM","06/19/02 16:18:49"
"RO/LA/523","LA",523,"C/EGD/2255","Hair","LEM","06/19/02 16:18:50","jhm","11/13/02 13:54:30"
"RO/LA/524","LA",524,"C/EGD/2255","Salt water","LEM","06/19/02 16:19:41","LEM","06/19/02 16:19:48"
"RO/LA/525","LA",525,"C/EGD/2263","Water","LEM","06/19/02 16:28:05","LEM","06/19/02 16:28:06"
"RO/LA/526","LA",526,"C/EGD/2263","Stones","LEM","06/19/02 16:28:43","LEM","06/19/02 16:28:46"
"RO/LA/527","LA",527,"C/EGD/2256","Stones","LEM","06/20/02 12:02:29","LEM","06/20/02 12:02:31"
"RO/LA/528","LA",528,"C/EGD/2256","Water","LEM","06/20/02 12:02:31","LEM","06/20/02 12:02:32"
"RO/LA/529","LA",529,"C/EGD/2256","Lead","LEM","06/20/02 12:02:34","jhm","11/13/02 12:29:26"
"RO/LA/530","LA",530,"C/EGD/2256","Wax","LEM","06/20/02 12:02:36","jhm","11/13/02 12:33:11"
"RO/LA/531","LA",531,"C/EGD/2256","Herb","LEM","06/20/02 12:03:53","LEM","06/20/02 12:03:55"
"RO/LA/532","LA",532,"C/EGD/2256","Oil","LEM","06/20/02 12:03:55","LEM","06/20/02 12:03:57"
"RO/LA/533","LA",533,"C/EGD/2256","Aqua Vitae","LEM","06/20/02 12:04:41","LEM","06/20/02 12:05:25"
"RO/LA/534","LA",534,"C/LA/3054","Salt","LEM","06/20/02 12:10:31","LEM","06/20/02 12:10:32"
"RO/LA/535","LA",535,"C/LA/3054","Cloth","LEM","06/20/02 12:10:59","LEM","06/20/02 12:11:01"
"RO/LA/536","LA",536,"C/LA/3054","Herb","LEM","06/20/02 12:13:29","LEM","06/20/02 12:13:42"
"RO/LA/559","LA",559,"C/EGD/699","Wax/clay images","LEM","07/09/02 18:13:40","LEM","07/09/02 18:13:48"
"RO/LA/560","LA",560,"C/LA/3102","Clay","LEM","07/10/02 09:14:41","jhm","11/13/02 12:27:15"
"RO/LA/561","LA",561,"C/LA/3102","Thread","LEM","07/10/02 09:14:47","jhm","11/13/02 12:27:37"
"RO/LA/562","LA",562,"C/LA/3102","Snail","LEM","07/10/02 09:14:51","LEM","07/10/02 09:14:55"
"RO/LA/563","LA",563,"C/LA/3102","Watercress","LEM","07/10/02 09:14:58","LEM","07/10/02 09:15:07"
"RO/LA/564","LA",564,"C/EGD/129","Cloth","LEM","07/10/02 09:27:18","jhm","10/03/02 12:24:00"
"RO/LA/565","LA",565,"C/EGD/129","Iron","LEM","07/10/02 09:27:27","LEM","07/10/02 09:27:32"
"RO/LA/566","LA",566,"C/EGD/129","Herb","LEM","07/10/02 09:30:45","LEM","07/10/02 09:30:47"
"RO/LA/567","LA",567,"C/EGD/129","Water","LEM","07/10/02 09:30:48","LEM","07/10/02 09:30:50"
"RO/LA/568","LA",568,"C/EGD/217","Rowan tree","LEM","07/10/02 10:05:35","LEM","07/10/02 10:05:37"
"RO/LA/569","LA",569,"C/EGD/217","Cat","LEM","07/10/02 10:09:46","LEM","07/10/02 10:09:47"
"RO/LA/570","LA",570,"C/EGD/212","Belt","LEM","07/10/02 13:19:28","LEM","07/10/02 13:19:29"
"RO/LA/571","LA",571,"C/EGD/1605","Herb","LEM","07/12/02 09:48:52","LEM","07/12/02 09:48:55"
"RO/LA/572","LA",572,"C/EGD/1605","Water","LEM","07/12/02 09:48:56","LEM","07/12/02 09:49:07"
"RO/LA/573","LA",573,"C/EGD/1605","Flesh","LEM","07/12/02 09:56:25","LEM","07/12/02 09:57:07"
"RO/LA/574","LA",574,"C/EGD/785","Fire","LEM","07/15/02 10:55:08","LEM","07/15/02 10:55:10"
"RO/LA/575","LA",575,"C/EGD/785","Smoke","LEM","07/15/02 10:56:01","LEM","07/15/02 10:56:05"
"RO/LA/576","LA",576,"C/EGD/785","Belt","LEM","07/15/02 11:01:33","LEM","07/15/02 11:02:00"
"RO/LA/577","LA",577,"C/LA/3130","Cloth","LEM","07/15/02 12:08:36","LEM","07/15/02 12:08:38"
"RO/LA/578","LA",578,"C/LA/3130","Powder","LEM","07/15/02 12:08:39","LEM","07/15/02 12:08:42"
"RO/LA/579","LA",579,"C/EGD/317","Water","LEM","07/18/02 09:25:23","LEM","07/18/02 09:25:38"
"RO/LA/580","LA",580,"C/EGD/317","Belt","LEM","07/18/02 09:29:07","LEM","07/18/02 09:29:09"
"RO/LA/581","LA",581,"C/EGD/317","Thread","LEM","07/18/02 09:29:09","jhm","11/13/02 12:52:09"
"RO/LA/582","LA",582,"C/EGD/316","Water","LEM","07/18/02 09:33:30","LEM","07/18/02 09:33:32"
"RO/LA/583","LA",583,"C/EGD/316","Meal","LEM","07/18/02 09:33:35","LEM","07/18/02 09:33:36"
"RO/LA/584","LA",584,"C/EGD/316","Straw","LEM","07/18/02 09:33:36","LEM","07/18/02 09:33:41"
"RO/LA/585","LA",585,"C/EGD/316","Horseshoe","LEM","07/18/02 09:33:52","LEM","07/18/02 09:33:54"
"RO/LA/586","LA",586,"C/EGD/316","Hook","LEM","07/18/02 09:33:54","LEM","07/18/02 09:33:55"
"RO/LA/587","LA",587,"C/EGD/316","Flesh","LEM","07/18/02 09:33:56","LEM","07/18/02 09:34:00"
"RO/LA/588","LA",588,"C/EGD/292","Flesh","LEM","07/18/02 11:34:24","LEM","07/18/02 11:34:30"
"RO/LA/589","LA",589,"C/EGD/292","Cloth","LEM","07/18/02 11:34:41","LEM","07/18/02 11:35:01"
"RO/LA/590","LA",590,"C/EGD/791","Thread","LEM","07/19/02 11:12:21","jhm","11/13/02 12:52:52"
"RO/LA/591","LA",591,"C/EGD/791","Cloth","LEM","07/19/02 11:12:23","LEM","07/19/02 11:12:34"
"RO/LA/592","LA",592,"C/EGD/789","Salt","LEM","07/19/02 11:53:45","LEM","07/19/02 11:53:47"
"RO/LA/593","LA",593,"C/EGD/789","Herb","LEM","07/19/02 11:54:38","LEM","07/19/02 11:54:51"
"RO/LA/594","LA",594,"C/LA/3135","Straw","LEM","07/19/02 12:49:08","LEM","07/19/02 12:49:22"
"RO/LA/595","LA",595,"C/EGD/796","Straw","LEM","07/19/02 12:58:55","LEM","07/19/02 12:59:20"
"RO/LA/596","LA",596,"C/EGD/785","Straw","LEM","07/19/02 13:00:22","LEM","07/19/02 13:00:24"
"RO/LA/597","LA",597,"C/EGD/798","Stones","LEM","07/23/02 15:05:10","LEM","07/23/02 15:06:20"
"RO/LA/598","LA",598,"C/EGD/33","Thread","LEM","07/24/02 10:42:03","jhm","11/13/02 12:53:22"
"RO/LA/599","LA",599,"C/EGD/33","Shears","LEM","07/24/02 10:42:05","LEM","07/24/02 10:42:06"
"RO/LA/6","LA",6,"C/EGD/162","Nettle","LEM","05/18/01 13:04:41","LEM","05/18/01 13:04:44"
"RO/LA/600","LA",600,"C/EGD/28","Shirt","LEM","07/24/02 12:21:36","LEM","07/24/02 12:21:38"
"RO/LA/601","LA",601,"C/EGD/28","Herb","LEM","07/24/02 12:33:47","LEM","07/24/02 12:33:48"
"RO/LA/602","LA",602,"C/EGD/28","Water","LEM","07/24/02 12:33:49","LEM","07/24/02 12:33:51"
"RO/LA/603","LA",603,"C/EGD/124","Wax/clay images","LEM","07/24/02 13:20:47","LEM","07/24/02 13:20:55"
"RO/LA/604","LA",604,"C/EGD/124","Flesh","LEM","07/24/02 13:21:36","LEM","07/24/02 13:21:38"
"RO/LA/605","LA",605,"C/EGD/124","Snake skin","LEM","07/24/02 13:21:41","LEM","07/24/02 13:21:43"
"RO/LA/606","LA",606,"C/EGD/53","Water","LEM","07/24/02 14:40:31","LEM","07/24/02 14:40:34"
"RO/LA/607","LA",607,"C/EGD/53","Wax/clay images","LEM","07/24/02 14:42:58","LEM","07/24/02 14:43:02"
"RO/LA/608","LA",608,"C/EGD/57","Herb","LEM","07/24/02 15:06:24","LEM","07/24/02 15:06:27"
"RO/LA/609","LA",609,"C/EGD/120","Wax","LEM","07/26/02 09:55:27","jhm","11/13/02 12:33:17"
"RO/LA/610","LA",610,"C/EGD/63","Egg","LEM","07/26/02 10:46:59","LEM","07/26/02 10:47:00"
"RO/LA/611","LA",611,"C/EGD/63","Vinegar","LEM","07/26/02 10:47:01","LEM","11/11/02 11:15:11"
"RO/LA/612","LA",612,"C/EGD/63","Wine","LEM","07/26/02 10:47:07","LEM","07/26/02 10:47:08"
"RO/LA/613","LA",613,"C/EGD/63","Aqua Vitae","LEM","07/26/02 10:47:42","LEM","07/26/02 10:47:44"
"RO/LA/614","LA",614,"C/LA/3142","Wax","LEM","07/26/02 11:57:01","jhm","11/13/02 12:33:41"
"RO/LA/615","LA",615,"C/EGD/142","Egg","LEM","07/26/02 13:19:38","LEM","07/26/02 13:19:39"
"RO/LA/616","LA",616,"C/EGD/142","Almond","LEM","07/26/02 13:19:40","LEM","07/26/02 13:19:44"
"RO/LA/617","LA",617,"C/EGD/323","Herb","LEM","07/30/02 10:51:00","LEM","07/30/02 10:51:04"
"RO/LA/618","LA",618,"C/EGD/323","Water","LEM","07/30/02 10:51:39","LEM","07/30/02 10:51:41"
"RO/LA/619","LA",619,"C/EGD/1474","Flesh","LEM","08/20/02 14:49:10","LEM","08/20/02 14:49:13"
"RO/LA/620","LA",620,"C/EGD/1474","Wax/clay images","LEM","08/20/02 15:06:55","LEM","08/20/02 15:06:59"
"RO/LA/621","LA",621,"C/EGD/1558","Corpse","LEM","08/22/02 10:45:30","LEM","08/22/02 10:45:41"
"RO/LA/622","LA",622,"C/EGD/1558","Nail trimmings","LEM","08/22/02 10:45:43","LEM","08/22/02 10:46:15"
"RO/LA/623","LA",623,"C/EGD/1558","Grain","LEM","08/22/02 10:46:22","LEM","08/22/02 10:46:31"
"RO/LA/624","LA",624,"C/EGD/1558","Herb","LEM","08/22/02 10:46:52","LEM","08/22/02 10:46:56"
"RO/LA/625","LA",625,"C/EGD/1558","Wax/clay images","LEM","08/22/02 11:01:21","LEM","08/22/02 11:01:31"
"RO/LA/626","LA",626,"C/EGD/1558","Thread","LEM","08/22/02 11:09:24","jhm","11/13/02 12:53:46"
"RO/LA/628","LA",628,"C/EGD/1558","Water","LEM","08/22/02 11:19:40","LEM","08/22/02 11:19:40"
"RO/LA/629","LA",629,"C/EGD/1558","Beetle","LEM","08/22/02 11:19:41","LEM","08/22/02 11:19:43"
"RO/LA/630","LA",630,"C/EGD/1558","Toad","LEM","08/22/02 11:27:17","LEM","08/22/02 11:27:18"
"RO/LA/631","LA",631,"C/EGD/1558","Flesh","LEM","08/22/02 11:27:24","LEM","08/22/02 11:27:26"
"RO/LA/633","LA",633,"C/EGD/1558","Liver","LEM","08/22/02 11:27:50","LEM","08/22/02 11:27:51"
"RO/LA/634","LA",634,"C/EGD/1558","Cloth","LEM","08/22/02 11:27:52","LEM","08/22/02 11:27:54"
"RO/LA/635","LA",635,"C/EGD/597","Herb","LEM","08/28/02 11:28:53","LEM","08/28/02 11:29:04"
"RO/LA/636","LA",636,"C/LA/3277","Herb","LEM","08/28/02 17:41:51","LEM","08/28/02 17:41:52"
"RO/LA/637","LA",637,"C/LA/3278","Herb","LEM","08/28/02 17:46:02","LEM","08/28/02 17:46:05"
"RO/LA/645","LA",645,"C/EGD/1998","Sieve","LEM","09/17/02 14:56:25","LEM","09/17/02 14:56:30"
"RO/LA/657","LA",657,"C/LA/2638","Caird","LEM","10/29/02 12:23:37","LEM","10/29/02 12:24:27"
"RO/LA/680","LA",680,"C/EGD/791","Toad","LEM","11/05/02 16:39:06","LEM","11/05/02 16:39:08"
"RO/LA/681","LA",681,"C/EGD/597","Hair","LEM","11/06/02 10:40:59","jhm","11/13/02 13:55:17"
"RO/LA/682","LA",682,"C/EGD/597","Nail trimmings","LEM","11/06/02 10:41:05","LEM","11/06/02 10:41:16"
"RO/LA/683","LA",683,"C/EGD/597","Shirt","LEM","11/06/02 10:41:17","LEM","11/06/02 10:41:19"
"RO/LA/684","LA",684,"C/EGD/597","Fire","LEM","11/06/02 10:42:02","LEM","11/06/02 10:42:07"
"RO/LA/685","LA",685,"C/EGD/597","Yarn","LEM","11/06/02 10:44:21","LEM","11/06/02 10:44:25"
"RO/LA/686","LA",686,"C/EGD/1224","Bird (dead)","LEM","11/18/02 15:48:08","LEM","11/18/02 15:48:10"
"RO/LA/687","LA",687,"C/EGD/1224","Hand (dead)","LEM","11/18/02 15:48:10","LEM","11/18/02 15:48:13"
"RO/LA/688","LA",688,"C/EGD/1224","Wax/clay images","LEM","11/18/02 15:56:01","LEM","11/18/02 15:56:05"
"RO/LA/689","LA",689,"C/EGD/1225","Shirt","LEM","11/18/02 16:07:22","LEM","11/18/02 16:07:30"
"RO/LA/690","LA",690,"C/EGD/1225","Bird (dead)","LEM","11/18/02 16:07:31","LEM","11/18/02 16:07:32"
"RO/LA/691","LA",691,"C/EGD/1225","Hand (dead)","LEM","11/18/02 16:07:32","LEM","11/18/02 16:07:35"
"RO/LA/692","LA",692,"C/EGD/1225","Shoes","LEM","11/18/02 16:08:19","LEM","11/18/02 16:08:22"
"RO/LA/693","LA",693,"C/EGD/170","Wheat","LEM","11/18/02 16:45:09","LEM","11/18/02 16:45:11"
"RO/LA/7","LA",7,"C/EGD/162","Urine","LEM","05/18/01 13:04:46","jhm","10/18/02 16:14:17"
"RO/LA/70","LA",70,"C/EGD/576","Cloth","LEM","09/05/01 10:30:40","LEM","09/05/01 10:30:47"
"RO/LA/71","LA",71,"C/EGD/576","Herb","LEM","09/05/01 10:30:48","LEM","09/05/01 10:30:58"
"RO/LA/72","LA",72,"C/LA/2876","Stones","LEM","09/06/01 13:24:11","LEM","09/06/01 13:24:13"
"RO/LA/73","LA",73,"C/EGD/1244","Stones","LEM","09/06/01 13:34:09","LEM","09/06/01 13:34:12"
"RO/LA/74","LA",74,"C/EGD/1245","Stones","LEM","09/06/01 13:40:25","LEM","09/06/01 13:40:26"
"RO/LA/75","LA",75,"C/EGD/1246","Stones","LEM","09/06/01 13:41:47","LEM","09/06/01 13:41:49"
"RO/LA/76","LA",76,"C/EGD/1247","Stones","LEM","09/06/01 13:50:43","LEM","09/06/01 13:50:45"
"RO/LA/77","LA",77,"C/EGD/1248","Stones","LEM","09/06/01 15:07:37","LEM","09/06/01 15:07:39"
"RO/LA/78","LA",78,"C/EGD/1249","Stones","LEM","09/06/01 15:08:43","LEM","09/06/01 15:08:45"
"RO/LA/79","LA",79,"C/EGD/1250","Stones","LEM","09/06/01 15:11:24","LEM","09/06/01 15:11:27"
"RO/LA/8","LA",8,"C/EGD/166","Cat","LEM","05/21/01 11:26:01","LEM","05/21/01 11:26:04"
"RO/LA/80","LA",80,"C/EGD/1251","Stones","LEM","09/06/01 15:12:21","LEM","09/06/01 15:12:23"
"RO/LA/81","LA",81,"C/EGD/1252","Stones","LEM","09/06/01 15:14:39","LEM","09/06/01 15:14:41"
"RO/LA/82","LA",82,"C/EGD/1242","Stones","LEM","09/06/01 15:21:57","LEM","09/06/01 15:22:00"
"RO/LA/83","LA",83,"C/EGD/1243","Stones","LEM","09/06/01 15:22:17","LEM","09/06/01 15:22:21"
"RO/LA/84","LA",84,"C/EGD/34","Herb","LEM","09/25/01 12:03:27","LEM","09/25/01 12:03:59"
"RO/LA/85","LA",85,"C/EGD/136","Garland","LEM","09/25/01 16:01:57","LEM","09/25/01 16:02:01"
"RO/LA/86","LA",86,"C/EGD/137","Salt","LEM","09/25/01 16:49:56","LEM","09/25/01 16:50:17"
"RO/LA/87","LA",87,"C/EGD/137","Thread","LEM","09/25/01 16:51:12","jhm","11/13/02 13:41:02"
"RO/LA/88","LA",88,"C/EGD/140","Hairbelt","LEM","09/25/01 17:04:00","LEM","09/25/01 17:04:08"
"RO/LA/89","LA",89,"C/EGD/140","Corpse","LEM","09/25/01 17:05:21","LEM","09/25/01 17:05:45"
"RO/LA/9","LA",9,"C/EGD/166","Camomile","LEM","05/21/01 11:26:05","LEM","05/21/01 11:26:13"
"RO/LA/94","LA",94,"C/EGD/147","Cat","LEM","09/26/01 16:04:17","LEM","09/26/01 16:04:18"
